[
    {
        "cardImg": "https://vertical.pstatic.net/vertical-cardad/creatives/SK/10320/SK_10320_20240216-165136_ver.png",
        "cardName": "JADE Classic",
        "cardDesc": "바우처 제공·공항 라운지 무료 이용!",
        "cardAnnual": "국내 11만5천원, 해외 12만원"
    },
    {
        "cardImg": "https://vertical.pstatic.net/vertical-cardad/creatives/SK/10252/SK_10252_20230509-101354_ver.png",
        "cardName": "트래블로그 신용카드",
        "cardDesc": "하나페이 1.3% 하나머니 적립",
        "cardAnnual": "국내 2만원, 해외 2만원"
    },
    {
        "cardImg": "https://vertical.pstatic.net/vertical-cardad/creatives/SK/10189/SK_10189_20221019-141219_hor.png",
        "cardName": "하나 CLUB H 아메리칸 익스프레스 리저브 카드",
        "cardDesc": "스카이패스 1천원당 최대 2마일 적립",
        "cardAnnual": "국내전용 없음, 해외 15만원"
    },
    {
        "cardImg": "https://vertical.pstatic.net/vertical-cardad/creatives/SK/2490/SK_2490_hor.jpg",
        "cardName": "CLUB PREMIER 카드 [Hotel]",
        "cardDesc": "국내 특급호텔 50% 청구할인",
        "cardAnnual": "해외 20만원"
    },
    {
        "cardImg": "https://vertical.pstatic.net/vertical-cardad/creatives/SK/2489/SK_2489_hor.jpg",
        "cardName": "CLUB PREMIER 카드 [Travel]",
        "cardDesc": "국내 6대 저가항공 50% 청구할인",
        "cardAnnual": "해외 20만원"
    },
    {
        "cardImg": "https://vertical.pstatic.net/vertical-cardad/creatives/SK/10076/SK_10076_20210820-111650_hor.png",
        "cardName": "하나 스카이패스 아멕스 플래티늄",
        "cardDesc": "국내 가맹점 1천원 당 1마일 적립",
        "cardAnnual": "국내 4만5천원, 해외 4만5천원"
    },
    {
        "cardImg": "https://vertical.pstatic.net/vertical-cardad/creatives/SK/10225/SK_10225_20230117-155318_hor.png",
        "cardName": "원더카드 LIVING",
        "cardDesc": "아파트 관리비, 전기세등 10% 할인",
        "cardAnnual": "국내 1만9천9백원, 해외 1만9천9백원"
    },
    {
        "cardImg": "https://vertical.pstatic.net/vertical-cardad/creatives/SK/2716/SK_2716_hor.png",
        "cardName": "CLUB Signature SKYPASS",
        "cardDesc": "라운지키, 외식,면세점 이용권 제공",
        "cardAnnual": "해외 14만5천원"
    },
    {
        "cardImg": "https://vertical.pstatic.net/vertical-cardad/creatives/SK/10226/SK_10226_20230117-161116_hor.png",
        "cardName": "원더카드 T",
        "cardDesc": "SKT텔레콤 결제 20% 하나머니적립",
        "cardAnnual": "국내 1만9천9백원, 해외 1만9천9백원"
    },
    {
        "cardImg": "https://vertical.pstatic.net/vertical-cardad/creatives/SK/10197/SK_10197_20230112-105558_ver.png",
        "cardName": "신세계 the Mile 하나카드",
        "cardDesc": "신세계 백화점, 면세점, 국내외가맹점",
        "cardAnnual": "국내 3만5천원, 해외 3만5천원"
    },
    {
        "cardImg": "https://vertical.pstatic.net/vertical-cardad/creatives/SK/10288/SK_10288_20230809-154735_hor.png",
        "cardName": "Mile1 하나카드",
        "cardDesc": "1500원당 45 UniMile 적립",
        "cardAnnual": "국내 2만원, 해외 2만원"
    },
    {
        "cardImg": "https://vertical.pstatic.net/vertical-cardad/creatives/SK/10223/SK_10223_20230117-151657_hor.png",
        "cardName": "원더카드 DAILY",
        "cardDesc": "영상스트리밍 40% 청구할인",
        "cardAnnual": "국내 1만9천9백원, 해외 1만9천9백원"
    },
    {
        "cardImg": "https://vertical.pstatic.net/vertical-cardad/creatives/SK/2717/SK_2717_hor.png",
        "cardName": "CLUB Signature Asiana Club",
        "cardDesc": "라운지키, 외식 면세점 이용권 제공",
        "cardAnnual": "해외 14만5천원"
    },
    {
        "cardImg": "https://vertical.pstatic.net/vertical-cardad/creatives/SK/2349/SK_2349_hor.png",
        "cardName": "Mile 1.6 대한항공",
        "cardDesc": "국내 1,500원당 1.6 마일 적립",
        "cardAnnual": "해외 4만5천원"
    },
    {
        "cardImg": "https://vertical.pstatic.net/vertical-cardad/creatives/SK/2778/SK_2778_hor.png",
        "cardName": "My Trip SKYPASS 카드",
        "cardDesc": "대한항공 마일리지 적립한도 없이 적립",
        "cardAnnual": "해외 3만원"
    },
    {
        "cardImg": "https://vertical.pstatic.net/vertical-cardad/creatives/SK/2779/SK_2779_hor.png",
        "cardName": "My Trip AsianaClub 카드",
        "cardDesc": "아시아나항공마일리지 한도 없이 적립",
        "cardAnnual": "해외 3만원"
    },
    {
        "cardImg": "https://vertical.pstatic.net/vertical-cardad/creatives/SK/2350/SK_2350_hor.png",
        "cardName": "Mile 1.6 아시아나",
        "cardDesc": "국내 1,500원당 1.6 마일 적립",
        "cardAnnual": "해외 4만5천원"
    }
]